Date,TimeStart,TimeEnd,State,Title,Location,Link1,Link2,Link3,Link4,Link5,Link6,Link7,Link8,Link9
7/1/2015,7:30 PM,9:00 PM,ALL,#FeelTheBern Nationwide Conference Call,Loc1,"Facebook,https://www.facebook.com/events/1041740609177385/",,,,,,,,
7/18/2015,11:00 AM,,CA,San Diego Pride - March for Bernie Sanders,Loc2,"Reddit,https://www.reddit.com/r/CaliforniaForSanders/comments/3aiv93/san_diego_pride_march_for_bernie_sanders/","Facebook,https://www.facebook.com/events/385625041642316/","Website,http://www.sandiegoforberniesanders2016.com/",,,,,,
7/21/2015,,,CA,Monterey Bay for Bernie,Loc3,"Facebook,https://www.facebook.com/events/813517422051243/","Reddit,https://www.reddit.com/r/CaliforniaForSanders/comments/3b1eji/monterey_for_bernie_1st_meetup_july_21st/",,,,,,,
7/27/2015,5:30 PM,,FL,Gainesville for Bernie at High Dive,Loc4,"Reddit,https://www.reddit.com/r/FloridaForSanders/comments/3b59zn/gainesville_meetup_for_bernie_sanders_2016_at_the/",,,,,,,,
7/11/2015,4:00 PM,,FL,Orlando Florida for Bernie meetup,Loc5,"Reddit,https://www.reddit.com/r/FloridaForSanders/comments/3acgr1/come_to_the_second_orlando_florida_for_sanders/",,,,,,,,
7/15/2015,4:00 PM,,FL,Lakeland Public Library (social event),Loc6,"Meetup,http://www.meetup.com/Central-Florida-Bernie-Sanders-supporters/",,,,,,,,
7/1/2015,Morning,,IL,Bus ride to Bernie's rally in Madison,Loc7,"Facebook,https://www.facebook.com/events/1642527172654647/","Reddit,https://www.reddit.com/r/Illinois4Sanders/comments/3b5s6q/rally_in_madison/",,,,,,,
7/15/2015,,,ALL,15/15/15 Moneybomb for Bernie,Loc8,"Thunderclap,https://www.thunderclap.it/projects/28138-15-15-15-moneybomb-for-bernie?locale=en","Reddit,http://www.reddit.com/r/SandersForPresident/comments/3aywvr/introducing_the_official_151515_moneybomb/",,,,,,,
7/13/2015,7:00 PM,,IL,1st Illini for Bernie Meetup,Loc9,"Facebook,https://www.facebook.com/events/112709949067105/","Reddit,https://www.reddit.com/r/Illinois4Sanders/comments/3azkut/any_interest_in_doing_a_meetup_in_the_next_few/",,,,,,,
6/28/2015,,,IL,March for Bernie at Chicago Pride,Loc10,"Reddit,https://www.reddit.com/r/Illinois4Sanders/comments/3a79hh/anybody_up_for_marching_for_bernie_at_chicago/","Facebook,https://www.facebook.com/groups/ChicagoForBernie/",,,,,,,
8/23/2015,11:00 AM,11:00 PM,IL,BERNIE FEST 2015,Loc11,"Facebook,https://www.facebook.com/events/468220966669709/",,,,,,,,
7/19/2015,,,IA,Bernie RAGBRAI Group,Loc12,"Reddit,https://www.reddit.com/r/IowaForSanders/comments/38vfb4/bernie_ragbrai_group/",,,,,,,,
7/12/2015,,,KY,"Rally in Louisville, Kentucky for Bernie",Loc13,"Facebook,https://www.facebook.com/events/1744844492408901/","Reddit,https://www.reddit.com/r/KentuckyForSanders/comments/3ad0jo/rally_for_sanders_in_louisville_on_july_12th/",,,,,,,
7/4/2015,,,MI,March for Bernie in Ann Arbor Parade,Loc14,"Sign Up site,http://www.signupgenius.com/go/20f0549a5ad22a0ff2-march","Reddit,http://www.signupgenius.com/go/20f0549a5ad22a0ff2-march",,,,,,,
7/2/2015,9:00 AM,10:00 AM,MN,(Official) Rochester fundraiser brunch and town meeting,Loc15,"Official Bernie Site,https://go.berniesanders.com/page/event/detail/fundraisingbrunchtownmeeting/wxf","Reddit,https://www.reddit.com/r/Minnesota4Sanders/comments/3b51ky/bernie_sanders_is_coming_to_rochester_next/",,,,,,,
7/3/2015,7:00 PM,8:00 PM,NE,(Official) Bernie will be in Council Bluffs,Loc16,"Offial Bernie Site,https://go.berniesanders.com/page/event/detail/townmeetings/wxj",,,,,,,,
6/29/2015,7:00 PM,8:30,NY,"Long Island meetup, West Babylon, NY",Loc17,"Facebook,https://www.facebook.com/events/1449302548705650/","Reddit,https://www.reddit.com/r/NewYorkForSanders/comments/3awzis/long_island_for_bernie_sanders_meetup_june_29_700/",,,,,,,
6/28/2015,2:00 PM,,NY,"Pride March for Bernie, NYC",Loc18,"Facebook,https://www.facebook.com/events/872609489472074/","Reddit,https://www.reddit.com/r/NewYorkForSanders/comments/3auub0/dont_fiddle_while_new_york_berns_wont_you_join_us/",,,,,,,
7/6/2015,6:00 PM,8:00 PM,NY,Meetup for Bernie in Buffalo,Loc19,"Facebook,https://www.facebook.com/events/852324808192163/","Reddit,https://www.reddit.com/r/NewYorkForSanders/comments/3arkpw/bernie_sanders_meet_up_in_buffalo/",,,,,,,
7/11/2015,4:30 PM,6:00 PM,OH,Southwest Ohio meetup for Bernie,Loc20,"People for Bernie,http://www.peopleforbernie.com/doubleequals/cincinnati_hamilton_fairfield_west_chester_meetup","Reddit,https://www.reddit.com/r/ohioforsanders/comments/3b4uke/southwest_ohio_meetup/",,,,,,,
8/22/2015,,,OH,Debates and discussion in University heights (Candidates not in attendance),Loc21,"Reddit,https://www.reddit.com/r/ohioforsanders/comments/3ao3sb/the_bernie_sanders_presidential_campaign/",,,,,,,,
6/27/2015,,,RI,"Meetup for Bernie Sanders, Warwick public library",Loc22,"Facebook,https://www.facebook.com/events/845724745502354/","Reddit,https://www.reddit.com/r/RhodeIsland4Sanders/comments/38x8vs/rhode_island_for_bernie_sanders_june_27th_meetup/",,,,,,,
7/2/2015,7:30 PM,8:30 PM,SD,(Official) Sioux City Town Meeting,Loc23,"Official Bernie Site,https://go.berniesanders.com/page/event/detail/townmeetings/wxw",,,,,,,,
6/28/2015,3:00 PM,5:00 PM,TX,"San Antonio Win, Bernie, Win! Party",Loc24,"Facebook,https://www.facebook.com/events/694053690739190/","Reddit,https://www.reddit.com/r/TexasForSanders/comments/38o7cr/san_antonio_win_bernie_win_party_june_28/",,,,,,,
6/27/2015,12:00 PM,2:30 PM,WA,Thurston/Olympia For Bernie Meetup,Loc25,"People for Bernie,http://www.peopleforbernie.com/10862/olympia_for_bernie?recruiter_id=10862","Facebook,https://www.facebook.com/events/1620922028120733/","Reddit,https://www.reddit.com/r/WashingtonForSanders/comments/3arew6/this_saturday_627thurstonolympia_for_bernie_meetup/",,,,,,
7/1/2015,7:00 PM,8:00 PM,WI,(Official) Madison Rally with Bernie,Loc26,"Official Bernie Site,https://go.berniesanders.com/page/event/detail/townmeetings/wrtj","Facebook,https://www.facebook.com/events/1723859444508194/","Reddit,https://www.reddit.com/r/Wisconsin4Sanders/comments/3b5bn8/madison_rally_with_bernie_sanders_facebook_event/",,,,,,